STATION,NAME,LATITUDE,LONGITUDE,DATE,YEAR,MONTH,MONTH_NAME,SEASON,DECADE,TAVG,TMAX,TMIN,TEMP_RANGE,TEMP_CATEGORY,PRCP,PRCP_CATEGORY,AWND,EMXT,EMNT,EMXP
USW00013752,"ANNAPOLIS UNITED STATES NAVAL ACADEMY ASOS, MD US",38.9913,-76.4891,2010-01,2010,1,Jan,Winter,2010s,34.7,41.1,28.3,12.8,Cool,2.47,Moderate,7.2,66,18,0.84
USW00013752,"ANNAPOLIS UNITED STATES NAVAL ACADEMY ASOS, MD US",38.9913,-76.4891,2010-02,2010,2,Feb,Winter,2010s,34.2,39.7,28.7,11.0,Cool,4.18,Wet,7.8,50,20,1.25
USW00013752,"ANNAPOLIS UNITED STATES NAVAL ACADEMY ASOS, MD US",38.9913,-76.4891,2010-03,2010,3,Mar,Spring,2010s,49.6,56.8,42.3,14.5,Cool,5.43,Very Wet,7.6,73,34,1.38
USW00013752,"ANNAPOLIS UNITED STATES NAVAL ACADEMY ASOS, MD US",38.9913,-76.4891,2010-04,2010,4,Apr,Spring,2010s,58.6,68.0,49.2,18.8,Warm,1.80,Moderate,6.3,91,40,0.54
USW00013752,"ANNAPOLIS UNITED STATES NAVAL ACADEMY ASOS, MD US",38.9913,-76.4891,2010-05,2010,5,May,Spring,2010s,66.8,74.4,59.2,15.2,Warm,2.33,Moderate,6.7,89,42,0.51
USW00013752,"ANNAPOLIS UNITED STATES NAVAL ACADEMY ASOS, MD US",38.9913,-76.4891,2010-06,2010,6,Jun,Summer,2010s,78.0,84.8,71.3,13.5,Hot,2.48,Moderate,,95,61,1.17
USW00013752,"ANNAPOLIS UNITED STATES NAVAL ACADEMY ASOS, MD US",38.9913,-76.4891,2010-07,2010,7,Jul,Summer,2010s,80.6,88.1,73.1,15.0,Hot,3.39,Wet,5.1,98,63,0.94
USW00013752,"ANNAPOLIS UNITED STATES NAVAL ACADEMY ASOS, MD US",38.9913,-76.4891,2010-08,2010,8,Aug,Summer,2010s,78.1,84.1,72.1,12.0,Hot,6.33,Very Wet,5.6,92,66,2.81
USW00013752,"ANNAPOLIS UNITED STATES NAVAL ACADEMY ASOS, MD US",38.9913,-76.4891,2010-09,2010,9,Sep,Fall,2010s,72.3,79.6,65.1,14.5,Hot,11.24,Very Wet,6.5,91,57,8.80
USW00013752,"ANNAPOLIS UNITED STATES NAVAL ACADEMY ASOS, MD US",38.9913,-76.4891,2010-10,2010,10,Oct,Fall,2010s,59.3,66.9,51.6,15.3,Warm,2.73,Moderate,6.0,78,39,0.87
USW00013752,"ANNAPOLIS UNITED STATES NAVAL ACADEMY ASOS, MD US",38.9913,-76.4891,2010-11,2010,11,Nov,Fall,2010s,49.3,56.3,42.4,13.9,Cool,1.79,Moderate,6.3,69,31,1.21
USW00013752,"ANNAPOLIS UNITED STATES NAVAL ACADEMY ASOS, MD US",38.9913,-76.4891,2010-12,2010,12,Dec,Winter,2010s,33.1,38.6,27.5,11.1,Cool,2.34,Moderate,8.1,62,20,1.12
USW00013752,"ANNAPOLIS UNITED STATES NAVAL ACADEMY ASOS, MD US",38.9913,-76.4891,2011-01,2011,1,Jan,Winter,2010s,31.5,36.6,26.4,10.2,Cold,3.10,Wet,6.3,57,16,2.14
USW00013752,"ANNAPOLIS UNITED STATES NAVAL ACADEMY ASOS, MD US",38.9913,-76.4891,2011-02,2011,2,Feb,Winter,2010s,38.9,47.2,30.5,16.7,Cool,2.46,Moderate,7.4,74,19,0.70
USW00013752,"ANNAPOLIS UNITED STATES NAVAL ACADEMY ASOS, MD US",38.9913,-76.4891,2011-03,2011,3,Mar,Spring,2010s,45.0,52.0,38.0,14.0,Cool,4.40,Wet,8.1,77,27,1.91
USW00013752,"ANNAPOLIS UNITED STATES NAVAL ACADEMY ASOS, MD US",38.9913,-76.4891,2011-04,2011,4,Apr,Spring,2010s,58.2,66.7,49.8,16.9,Warm,3.37,Wet,8.3,86,37,0.97
USW00013752,"ANNAPOLIS UNITED STATES NAVAL ACADEMY ASOS, MD US",38.9913,-76.4891,2011-05,2011,5,May,Spring,2010s,68.5,75.5,61.6,13.9,Warm,1.04,Moderate,6.7,91,47,0.61
USW00013752,"ANNAPOLIS UNITED STATES NAVAL ACADEMY ASOS, MD US",38.9913,-76.4891,2011-06,2011,6,Jun,Summer,2010s,77.1,84.1,70.1,14.0,Hot,2.35,Moderate,,95,61,1.24
USW00013752,"ANNAPOLIS UNITED STATES NAVAL ACADEMY ASOS, MD US",38.9913,-76.4891,2011-07,2011,7,Jul,Summer,2010s,82.0,89.3,74.8,14.5,Hot,4.76,Wet,5.1,101,67,2.16
USW00013752,"ANNAPOLIS UNITED STATES NAVAL ACADEMY ASOS, MD US",38.9913,-76.4891,2011-08,2011,8,Aug,Summer,2010s,77.4,84.1,70.7,13.4,Hot,10.47,Very Wet,6.3,94,62,4.91
USW00013752,"ANNAPOLIS UNITED STATES NAVAL ACADEMY ASOS, MD US",38.9913,-76.4891,2011-09,2011,9,Sep,Fall,2010s,71.7,76.8,66.5,10.3,Hot,7.52,Very Wet,4.9,85,50,1.90
USW00013752,"ANNAPOLIS UNITED STATES NAVAL ACADEMY ASOS, MD US",38.9913,-76.4891,2011-10,2011,10,Oct,Fall,2010s,58.8,66.1,51.5,14.6,Warm,3.04,Wet,5.6,81,34,1.31
USW00013752,"ANNAPOLIS UNITED STATES NAVAL ACADEMY ASOS, MD US",38.9913,-76.4891,2011-11,2011,11,Nov,Fall,2010s,52.6,59.9,45.3,14.6,Warm,2.55,Moderate,6.0,76,35,0.71
USW00013752,"ANNAPOLIS UNITED STATES NAVAL ACADEMY ASOS, MD US",38.9913,-76.4891,2011-12,2011,12,Dec,Winter,2010s,45.7,53.1,38.2,14.9,Cool,4.51,Wet,6.0,65,30,2.90
USW00013752,"ANNAPOLIS UNITED STATES NAVAL ACADEMY ASOS, MD US",38.9913,-76.4891,2012-01,2012,1,Jan,Winter,2010s,41.5,49.3,33.8,15.5,Cool,2.02,Moderate,,69,17,0.63
USW00013752,"ANNAPOLIS UNITED STATES NAVAL ACADEMY ASOS, MD US",38.9913,-76.4891,2012-02,2012,2,Feb,Winter,2010s,44.1,51.1,37.1,14.0,Cool,2.45,Moderate,,71,24,1.32
USW00013752,"ANNAPOLIS UNITED STATES NAVAL ACADEMY ASOS, MD US",38.9913,-76.4891,2012-03,2012,3,Mar,Spring,2010s,55.1,63.0,47.1,15.9,Warm,1.20,Moderate,7.2,79,30,0.38
USW00013752,"ANNAPOLIS UNITED STATES NAVAL ACADEMY ASOS, MD US",38.9913,-76.4891,2012-04,2012,4,Apr,Spring,2010s,57.7,66.2,49.2,17.0,Warm,2.07,Moderate,7.8,85,41,1.26
USW00013752,"ANNAPOLIS UNITED STATES NAVAL ACADEMY ASOS, MD US",38.9913,-76.4891,2012-05,2012,5,May,Spring,2010s,70.0,77.1,62.9,14.2,Hot,1.89,Moderate,6.9,91,51,0.43
USW00013752,"ANNAPOLIS UNITED STATES NAVAL ACADEMY ASOS, MD US",38.9913,-76.4891,2012-06,2012,6,Jun,Summer,2010s,76.0,83.8,68.1,15.7,Hot,1.04,Moderate,6.7,97,59,0.40
USW00013752,"ANNAPOLIS UNITED STATES NAVAL ACADEMY ASOS, MD US",38.9913,-76.4891,2012-07,2012,7,Jul,Summer,2010s,83.0,90.0,75.9,14.1,Hot,3.79,Wet,5.6,103,69,0.65
USW00013752,"ANNAPOLIS UNITED STATES NAVAL ACADEMY ASOS, MD US",38.9913,-76.4891,2012-08,2012,8,Aug,Summer,2010s,79.9,86.3,73.5,12.8,Hot,3.36,Wet,,95,67,2.18
USW00013752,"ANNAPOLIS UNITED STATES NAVAL ACADEMY ASOS, MD US",38.9913,-76.4891,2012-09,2012,9,Sep,Fall,2010s,71.9,79.4,64.5,14.9,Hot,3.20,Wet,6.0,92,54,0.95
USW00013752,"ANNAPOLIS UNITED STATES NAVAL ACADEMY ASOS, MD US",38.9913,-76.4891,2012-10,2012,10,Oct,Fall,2010s,61.3,68.1,54.5,13.6,Warm,8.96,Very Wet,6.7,84,42,5.87
USW00013752,"ANNAPOLIS UNITED STATES NAVAL ACADEMY ASOS, MD US",38.9913,-76.4891,2012-11,2012,11,Nov,Fall,2010s,47.1,53.3,40.8,12.5,Cool,0.68,Dry,6.5,69,32,0.22
USW00013752,"ANNAPOLIS UNITED STATES NAVAL ACADEMY ASOS, MD US",38.9913,-76.4891,2012-12,2012,12,Dec,Winter,2010s,46.3,52.7,39.9,12.8,Cool,3.85,Wet,6.3,70,31,1.10
USW00013752,"ANNAPOLIS UNITED STATES NAVAL ACADEMY ASOS, MD US",38.9913,-76.4891,2013-01,2013,1,Jan,Winter,2010s,38.2,44.7,31.7,13.0,Cool,2.33,Moderate,6.3,63,15,0.68
USW00013752,"ANNAPOLIS UNITED STATES NAVAL ACADEMY ASOS, MD US",38.9913,-76.4891,2013-02,2013,2,Feb,Winter,2010s,36.6,42.5,30.6,11.9,Cool,2.14,Moderate,7.8,56,18,0.76
USW00013752,"ANNAPOLIS UNITED STATES NAVAL ACADEMY ASOS, MD US",38.9913,-76.4891,2013-03,2013,3,Mar,Spring,2010s,41.6,47.9,35.3,12.6,Cool,3.30,Wet,8.9,58,28,1.13
USW00013752,"ANNAPOLIS UNITED STATES NAVAL ACADEMY ASOS, MD US",38.9913,-76.4891,2013-04,2013,4,Apr,Spring,2010s,55.3,63.5,47.2,16.3,Warm,2.25,Moderate,8.7,89,30,0.66
USW00013752,"ANNAPOLIS UNITED STATES NAVAL ACADEMY ASOS, MD US",38.9913,-76.4891,2013-05,2013,5,May,Spring,2010s,64.5,71.8,57.2,14.6,Warm,1.48,Moderate,7.8,88,45,0.61
USW00013752,"ANNAPOLIS UNITED STATES NAVAL ACADEMY ASOS, MD US",38.9913,-76.4891,2013-06,2013,6,Jun,Summer,2010s,74.3,81.5,67.1,14.4,Hot,8.65,Very Wet,6.5,92,58,2.26
USW00013752,"ANNAPOLIS UNITED STATES NAVAL ACADEMY ASOS, MD US",38.9913,-76.4891,2013-07,2013,7,Jul,Summer,2010s,79.3,85.4,73.3,12.1,Hot,4.03,Wet,6.3,94,64,2.14
USW00013752,"ANNAPOLIS UNITED STATES NAVAL ACADEMY ASOS, MD US",38.9913,-76.4891,2013-08,2013,8,Aug,Summer,2010s,74.2,80.5,68.0,12.5,Hot,2.54,Moderate,6.0,89,60,0.95
USW00013752,"ANNAPOLIS UNITED STATES NAVAL ACADEMY ASOS, MD US",38.9913,-76.4891,2013-09,2013,9,Sep,Fall,2010s,68.1,75.2,61.0,14.2,Warm,1.35,Moderate,6.0,88,51,0.70
USW00013752,"ANNAPOLIS UNITED STATES NAVAL ACADEMY ASOS, MD US",38.9913,-76.4891,2013-10,2013,10,Oct,Fall,2010s,60.6,66.6,54.5,12.1,Warm,6.57,Very Wet,,83,34,2.77
USW00013752,"ANNAPOLIS UNITED STATES NAVAL ACADEMY ASOS, MD US",38.9913,-76.4891,2013-11,2013,11,Nov,Fall,2010s,46.0,53.6,38.4,15.2,Cool,3.11,Wet,7.2,73,22,1.35
USW00013752,"ANNAPOLIS UNITED STATES NAVAL ACADEMY ASOS, MD US",38.9913,-76.4891,2013-12,2013,12,Dec,Winter,2010s,40.3,46.9,33.7,13.2,Cool,5.05,Very Wet,5.8,72,22,1.07
USW00013752,"ANNAPOLIS UNITED STATES NAVAL ACADEMY ASOS, MD US",38.9913,-76.4891,2014-01,2014,1,Jan,Winter,2010s,29.9,37.9,21.9,16.0,Cold,2.66,Moderate,7.2,55,5,0.57
USW00013752,"ANNAPOLIS UNITED STATES NAVAL ACADEMY ASOS, MD US",38.9913,-76.4891,2014-02,2014,2,Feb,Winter,2010s,34.1,40.8,27.4,13.4,Cool,4.67,Wet,6.9,62,14,2.15
USW00013752,"ANNAPOLIS UNITED STATES NAVAL ACADEMY ASOS, MD US",38.9913,-76.4891,2014-03,2014,3,Mar,Spring,2010s,39.6,47.8,31.3,16.5,Cool,4.66,Wet,8.1,69,17,1.18
USW00013752,"ANNAPOLIS UNITED STATES NAVAL ACADEMY ASOS, MD US",38.9913,-76.4891,2014-04,2014,4,Apr,Spring,2010s,53.5,61.4,45.5,15.9,Warm,5.41,Very Wet,8.5,76,35,2.31
USW00013752,"ANNAPOLIS UNITED STATES NAVAL ACADEMY ASOS, MD US",38.9913,-76.4891,2014-05,2014,5,May,Spring,2010s,65.2,72.9,57.4,15.5,Warm,2.78,Moderate,6.5,89,48,1.11
USW00013752,"ANNAPOLIS UNITED STATES NAVAL ACADEMY ASOS, MD US",38.9913,-76.4891,2014-06,2014,6,Jun,Summer,2010s,73.6,80.2,67.0,13.2,Hot,4.15,Wet,6.7,93,55,1.84
USW00013752,"ANNAPOLIS UNITED STATES NAVAL ACADEMY ASOS, MD US",38.9913,-76.4891,2014-07,2014,7,Jul,Summer,2010s,76.7,83.4,69.9,13.5,Hot,2.52,Moderate,6.7,93,59,1.32
USW00013752,"ANNAPOLIS UNITED STATES NAVAL ACADEMY ASOS, MD US",38.9913,-76.4891,2014-08,2014,8,Aug,Summer,2010s,74.2,80.6,67.8,12.8,Hot,4.39,Wet,6.0,89,59,3.27
USW00013752,"ANNAPOLIS UNITED STATES NAVAL ACADEMY ASOS, MD US",38.9913,-76.4891,2014-09,2014,9,Sep,Fall,2010s,70.5,76.6,64.4,12.2,Hot,1.72,Moderate,6.0,92,51,0.73
USW00013752,"ANNAPOLIS UNITED STATES NAVAL ACADEMY ASOS, MD US",38.9913,-76.4891,2014-10,2014,10,Oct,Fall,2010s,60.3,67.4,53.2,14.2,Warm,2.84,Moderate,6.9,76,41,1.02
USW00013752,"ANNAPOLIS UNITED STATES NAVAL ACADEMY ASOS, MD US",38.9913,-76.4891,2014-11,2014,11,Nov,Fall,2010s,45.3,52.7,37.8,14.9,Cool,3.27,Wet,7.4,71,22,1.17
USW00013752,"ANNAPOLIS UNITED STATES NAVAL ACADEMY ASOS, MD US",38.9913,-76.4891,2014-12,2014,12,Dec,Winter,2010s,41.3,46.8,35.9,10.9,Cool,3.28,Wet,,67,25,0.82
USW00013752,"ANNAPOLIS UNITED STATES NAVAL ACADEMY ASOS, MD US",38.9913,-76.4891,2015-01,2015,1,Jan,Winter,2010s,32.9,39.5,26.4,13.1,Cool,3.84,Wet,7.2,66,10,0.91
USW00013752,"ANNAPOLIS UNITED STATES NAVAL ACADEMY ASOS, MD US",38.9913,-76.4891,2015-02,2015,2,Feb,Winter,2010s,27.1,34.8,19.5,15.3,Cold,2.03,Moderate,8.1,56,3,0.70
USW00013752,"ANNAPOLIS UNITED STATES NAVAL ACADEMY ASOS, MD US",38.9913,-76.4891,2015-03,2015,3,Mar,Spring,2010s,39.8,47.9,31.7,16.2,Cool,4.81,Wet,6.9,68,14,1.08
USW00013752,"ANNAPOLIS UNITED STATES NAVAL ACADEMY ASOS, MD US",38.9913,-76.4891,2015-04,2015,4,Apr,Spring,2010s,54.9,63.6,46.2,17.4,Warm,3.49,Wet,7.8,75,35,1.43
USW00013752,"ANNAPOLIS UNITED STATES NAVAL ACADEMY ASOS, MD US",38.9913,-76.4891,2015-05,2015,5,May,Spring,2010s,68.6,76.2,61.0,15.2,Warm,1.81,Moderate,7.6,87,45,0.95
USW00013752,"ANNAPOLIS UNITED STATES NAVAL ACADEMY ASOS, MD US",38.9913,-76.4891,2015-06,2015,6,Jun,Summer,2010s,75.0,81.6,68.3,13.3,Hot,7.97,Very Wet,7.2,93,56,2.33
USW00013752,"ANNAPOLIS UNITED STATES NAVAL ACADEMY ASOS, MD US",38.9913,-76.4891,2015-07,2015,7,Jul,Summer,2010s,77.9,83.9,71.9,12.0,Hot,5.97,Very Wet,5.6,92,65,2.82
USW00013752,"ANNAPOLIS UNITED STATES NAVAL ACADEMY ASOS, MD US",38.9913,-76.4891,2015-08,2015,8,Aug,Summer,2010s,76.4,83.2,69.6,13.6,Hot,2.31,Moderate,6.0,91,64,0.83
USW00013752,"ANNAPOLIS UNITED STATES NAVAL ACADEMY ASOS, MD US",38.9913,-76.4891,2015-09,2015,9,Sep,Fall,2010s,72.8,79.4,66.2,13.2,Hot,5.12,Very Wet,6.0,90,56,3.34
USW00013752,"ANNAPOLIS UNITED STATES NAVAL ACADEMY ASOS, MD US",38.9913,-76.4891,2015-10,2015,10,Oct,Fall,2010s,57.5,64.6,50.3,14.3,Warm,3.89,Wet,,80,36,1.08
USW00013752,"ANNAPOLIS UNITED STATES NAVAL ACADEMY ASOS, MD US",38.9913,-76.4891,2015-11,2015,11,Nov,Fall,2010s,52.8,59.8,45.8,14.0,Warm,1.96,Moderate,5.8,81,33,0.61
USW00013752,"ANNAPOLIS UNITED STATES NAVAL ACADEMY ASOS, MD US",38.9913,-76.4891,2015-12,2015,12,Dec,Winter,2010s,50.3,56.9,43.7,13.2,Warm,4.14,Wet,,71,30,0.80
USW00013752,"ANNAPOLIS UNITED STATES NAVAL ACADEMY ASOS, MD US",38.9913,-76.4891,2016-01,2016,1,Jan,Winter,2010s,34.8,42.2,27.4,14.8,Cool,3.37,Wet,7.4,64,15,1.28
USW00013752,"ANNAPOLIS UNITED STATES NAVAL ACADEMY ASOS, MD US",38.9913,-76.4891,2016-02,2016,2,Feb,Winter,2010s,38.4,45.9,30.9,15.0,Cool,3.56,Wet,7.8,64,13,0.99
USW00013752,"ANNAPOLIS UNITED STATES NAVAL ACADEMY ASOS, MD US",38.9913,-76.4891,2016-03,2016,3,Mar,Spring,2010s,50.2,58.6,41.7,16.9,Warm,1.27,Moderate,7.4,78,27,0.29
USW00013752,"ANNAPOLIS UNITED STATES NAVAL ACADEMY ASOS, MD US",38.9913,-76.4891,2016-04,2016,4,Apr,Spring,2010s,54.6,63.4,45.8,17.6,Warm,1.55,Moderate,8.1,85,31,0.50
USW00013752,"ANNAPOLIS UNITED STATES NAVAL ACADEMY ASOS, MD US",38.9913,-76.4891,2016-05,2016,5,May,Spring,2010s,61.7,68.2,55.2,13.0,Warm,5.05,Very Wet,5.8,85,42,1.08
USW00013752,"ANNAPOLIS UNITED STATES NAVAL ACADEMY ASOS, MD US",38.9913,-76.4891,2016-06,2016,6,Jun,Summer,2010s,74.0,81.4,66.6,14.8,Hot,3.98,Wet,6.7,93,54,1.31
USW00013752,"ANNAPOLIS UNITED STATES NAVAL ACADEMY ASOS, MD US",38.9913,-76.4891,2016-07,2016,7,Jul,Summer,2010s,80.5,87.3,73.7,13.6,Hot,6.86,Very Wet,5.4,96,65,1.50
USW00013752,"ANNAPOLIS UNITED STATES NAVAL ACADEMY ASOS, MD US",38.9913,-76.4891,2016-08,2016,8,Aug,Summer,2010s,80.7,87.6,73.9,13.7,Hot,3.00,Wet,,97,67,1.11
USW00013752,"ANNAPOLIS UNITED STATES NAVAL ACADEMY ASOS, MD US",38.9913,-76.4891,2016-09,2016,9,Sep,Fall,2010s,74.2,80.0,68.5,11.5,Hot,3.91,Wet,6.7,95,60,1.16
USW00013752,"ANNAPOLIS UNITED STATES NAVAL ACADEMY ASOS, MD US",38.9913,-76.4891,2016-10,2016,10,Oct,Fall,2010s,63.2,70.2,56.1,14.1,Warm,2.15,Moderate,6.5,85,44,0.87
USW00013752,"ANNAPOLIS UNITED STATES NAVAL ACADEMY ASOS, MD US",38.9913,-76.4891,2016-11,2016,11,Nov,Fall,2010s,51.9,60.3,43.4,16.9,Warm,0.49,Dry,6.0,81,32,0.24
USW00013752,"ANNAPOLIS UNITED STATES NAVAL ACADEMY ASOS, MD US",38.9913,-76.4891,2016-12,2016,12,Dec,Winter,2010s,42.2,49.1,35.3,13.8,Cool,2.81,Moderate,7.2,68,18,0.75
USW00013752,"ANNAPOLIS UNITED STATES NAVAL ACADEMY ASOS, MD US",38.9913,-76.4891,2017-01,2017,1,Jan,Winter,2010s,41.4,47.3,35.6,11.7,Cool,2.16,Moderate,7.2,73,16,0.67
USW00013752,"ANNAPOLIS UNITED STATES NAVAL ACADEMY ASOS, MD US",38.9913,-76.4891,2017-02,2017,2,Feb,Winter,2010s,45.6,54.1,37.1,17.0,Cool,0.80,Dry,7.6,70,24,0.36
USW00013752,"ANNAPOLIS UNITED STATES NAVAL ACADEMY ASOS, MD US",38.9913,-76.4891,2017-03,2017,3,Mar,Spring,2010s,45.7,53.8,37.5,16.3,Cool,3.86,Wet,9.2,80,23,1.66
USW00013752,"ANNAPOLIS UNITED STATES NAVAL ACADEMY ASOS, MD US",38.9913,-76.4891,2017-04,2017,4,Apr,Spring,2010s,61.3,69.1,53.5,15.6,Warm,2.22,Moderate,7.4,91,38,0.93
USW00013752,"ANNAPOLIS UNITED STATES NAVAL ACADEMY ASOS, MD US",38.9913,-76.4891,2017-05,2017,5,May,Spring,2010s,64.6,72.1,57.1,15.0,Warm,4.98,Wet,7.4,93,45,1.08
USW00013752,"ANNAPOLIS UNITED STATES NAVAL ACADEMY ASOS, MD US",38.9913,-76.4891,2017-06,2017,6,Jun,Summer,2010s,75.4,83.2,67.6,15.6,Hot,1.10,Moderate,,91,58,0.54
USW00013752,"ANNAPOLIS UNITED STATES NAVAL ACADEMY ASOS, MD US",38.9913,-76.4891,2017-07,2017,7,Jul,Summer,2010s,78.8,85.5,72.1,13.4,Hot,7.83,Very Wet,6.0,92,65,1.71
USW00013752,"ANNAPOLIS UNITED STATES NAVAL ACADEMY ASOS, MD US",38.9913,-76.4891,2017-08,2017,8,Aug,Summer,2010s,77.0,83.1,70.9,12.2,Hot,5.99,Very Wet,,93,64,1.81
USW00013752,"ANNAPOLIS UNITED STATES NAVAL ACADEMY ASOS, MD US",38.9913,-76.4891,2017-09,2017,9,Sep,Fall,2010s,73.0,79.8,66.3,13.5,Hot,1.61,Moderate,5.6,90,56,0.84
USW00013752,"ANNAPOLIS UNITED STATES NAVAL ACADEMY ASOS, MD US",38.9913,-76.4891,2017-10,2017,10,Oct,Fall,2010s,64.8,72.3,57.3,15.0,Warm,2.84,Moderate,6.0,86,41,1.38
USW00013752,"ANNAPOLIS UNITED STATES NAVAL ACADEMY ASOS, MD US",38.9913,-76.4891,2017-11,2017,11,Nov,Fall,2010s,49.5,57.2,41.8,15.4,Cool,2.04,Moderate,,76,28,0.97
USW00013752,"ANNAPOLIS UNITED STATES NAVAL ACADEMY ASOS, MD US",38.9913,-76.4891,2017-12,2017,12,Dec,Winter,2010s,38.4,44.9,32.0,12.9,Cool,0.78,Dry,,66,16,0.30
USW00013752,"ANNAPOLIS UNITED STATES NAVAL ACADEMY ASOS, MD US",38.9913,-76.4891,2018-01,2018,1,Jan,Winter,2010s,34.0,42.1,26.0,16.1,Cool,1.50,Moderate,7.6,61,6,0.63
USW00013752,"ANNAPOLIS UNITED STATES NAVAL ACADEMY ASOS, MD US",38.9913,-76.4891,2018-02,2018,2,Feb,Winter,2010s,44.5,52.5,36.6,15.9,Cool,5.70,Very Wet,6.3,83,19,2.02
USW00013752,"ANNAPOLIS UNITED STATES NAVAL ACADEMY ASOS, MD US",38.9913,-76.4891,2018-03,2018,3,Mar,Spring,2010s,43.1,49.5,36.7,12.8,Cool,2.82,Moderate,9.8,78,31,0.95
USW00013752,"ANNAPOLIS UNITED STATES NAVAL ACADEMY ASOS, MD US",38.9913,-76.4891,2018-04,2018,4,Apr,Spring,2010s,54.5,63.3,45.7,17.6,Warm,3.29,Wet,8.7,86,37,1.02
USW00013752,"ANNAPOLIS UNITED STATES NAVAL ACADEMY ASOS, MD US",38.9913,-76.4891,2018-05,2018,5,May,Spring,2010s,70.8,78.2,63.4,14.8,Hot,6.65,Very Wet,6.0,90,50,1.50
USW00013752,"ANNAPOLIS UNITED STATES NAVAL ACADEMY ASOS, MD US",38.9913,-76.4891,2018-06,2018,6,Jun,Summer,2010s,76.1,83.0,69.2,13.8,Hot,3.45,Wet,6.3,95,59,1.14
USW00013752,"ANNAPOLIS UNITED STATES NAVAL ACADEMY ASOS, MD US",38.9913,-76.4891,2018-07,2018,7,Jul,Summer,2010s,80.7,87.5,74.0,13.5,Hot,8.80,Very Wet,7.2,96,65,5.50
USW00013752,"ANNAPOLIS UNITED STATES NAVAL ACADEMY ASOS, MD US",38.9913,-76.4891,2018-08,2018,8,Aug,Summer,2010s,81.0,88.2,73.7,14.5,Hot,7.64,Very Wet,5.4,94,61,3.75
USW00013752,"ANNAPOLIS UNITED STATES NAVAL ACADEMY ASOS, MD US",38.9913,-76.4891,2018-09,2018,9,Sep,Fall,2010s,76.8,81.9,71.7,10.2,Hot,4.94,Wet,,95,62,1.75
USW00013752,"ANNAPOLIS UNITED STATES NAVAL ACADEMY ASOS, MD US",38.9913,-76.4891,2018-10,2018,10,Oct,Fall,2010s,63.9,70.9,56.9,14.0,Warm,3.81,Wet,6.3,88,40,2.39
USW00013752,"ANNAPOLIS UNITED STATES NAVAL ACADEMY ASOS, MD US",38.9913,-76.4891,2018-11,2018,11,Nov,Fall,2010s,47.5,53.7,41.2,12.5,Cool,7.88,Very Wet,7.2,78,27,1.79
USW00013752,"ANNAPOLIS UNITED STATES NAVAL ACADEMY ASOS, MD US",38.9913,-76.4891,2018-12,2018,12,Dec,Winter,2010s,43.7,49.8,37.7,12.1,Cool,5.36,Very Wet,,63,28,1.68
USW00013752,"ANNAPOLIS UNITED STATES NAVAL ACADEMY ASOS, MD US",38.9913,-76.4891,2019-01,2019,1,Jan,Winter,2010s,38.1,44.9,31.2,13.7,Cool,2.86,Moderate,7.4,68,10,0.67
USW00013752,"ANNAPOLIS UNITED STATES NAVAL ACADEMY ASOS, MD US",38.9913,-76.4891,2019-02,2019,2,Feb,Winter,2010s,41.2,48.3,34.2,14.1,Cool,3.05,Wet,,68,16,0.84
USW00013752,"ANNAPOLIS UNITED STATES NAVAL ACADEMY ASOS, MD US",38.9913,-76.4891,2019-03,2019,3,Mar,Spring,2010s,46.5,53.9,39.1,14.8,Cool,3.71,Wet,8.1,80,24,1.50
USW00013752,"ANNAPOLIS UNITED STATES NAVAL ACADEMY ASOS, MD US",38.9913,-76.4891,2019-04,2019,4,Apr,Spring,2010s,61.4,69.6,53.2,16.4,Warm,1.99,Moderate,8.3,85,37,0.56
USW00013752,"ANNAPOLIS UNITED STATES NAVAL ACADEMY ASOS, MD US",38.9913,-76.4891,2019-05,2019,5,May,Spring,2010s,70.6,77.8,63.5,14.3,Hot,5.84,Very Wet,6.7,94,51,1.32
USW00013752,"ANNAPOLIS UNITED STATES NAVAL ACADEMY ASOS, MD US",38.9913,-76.4891,2019-06,2019,6,Jun,Summer,2010s,78.0,85.4,70.5,14.9,Hot,4.03,Wet,6.5,98,58,1.66
USW00013752,"ANNAPOLIS UNITED STATES NAVAL ACADEMY ASOS, MD US",38.9913,-76.4891,2019-07,2019,7,Jul,Summer,2010s,83.5,91.1,76.0,15.1,Hot,4.26,Wet,5.4,101,70,1.61
USW00013752,"ANNAPOLIS UNITED STATES NAVAL ACADEMY ASOS, MD US",38.9913,-76.4891,2019-08,2019,8,Aug,Summer,2010s,80.8,87.8,73.9,13.9,Hot,1.55,Moderate,5.8,96,66,0.75
USW00013752,"ANNAPOLIS UNITED STATES NAVAL ACADEMY ASOS, MD US",38.9913,-76.4891,2019-09,2019,9,Sep,Fall,2010s,76.2,83.1,69.2,13.9,Hot,0.25,Dry,6.5,96,57,0.20
USW00013752,"ANNAPOLIS UNITED STATES NAVAL ACADEMY ASOS, MD US",38.9913,-76.4891,2019-10,2019,10,Oct,Fall,2010s,62.4,69.1,55.7,13.4,Warm,4.44,Wet,7.6,94,44,1.47
USW00013752,"ANNAPOLIS UNITED STATES NAVAL ACADEMY ASOS, MD US",38.9913,-76.4891,2019-11,2019,11,Nov,Fall,2010s,45.3,52.2,38.5,13.7,Cool,0.77,Dry,6.9,65,26,0.27
USW00013752,"ANNAPOLIS UNITED STATES NAVAL ACADEMY ASOS, MD US",38.9913,-76.4891,2019-12,2019,12,Dec,Winter,2010s,40.7,46.9,34.4,12.5,Cool,1.98,Moderate,5.6,60,22,0.52
USW00013752,"ANNAPOLIS UNITED STATES NAVAL ACADEMY ASOS, MD US",38.9913,-76.4891,2020-01,2020,1,Jan,Winter,2020s,40.6,47.0,34.3,12.7,Cool,2.11,Moderate,6.9,71,23,1.11
USW00013752,"ANNAPOLIS UNITED STATES NAVAL ACADEMY ASOS, MD US",38.9913,-76.4891,2020-02,2020,2,Feb,Winter,2020s,41.6,48.3,34.8,13.5,Cool,1.46,Moderate,6.5,62,22,0.35
USW00013752,"ANNAPOLIS UNITED STATES NAVAL ACADEMY ASOS, MD US",38.9913,-76.4891,2020-03,2020,3,Mar,Spring,2020s,50.3,57.7,42.8,14.9,Warm,2.03,Moderate,7.2,82,26,0.47
USW00013752,"ANNAPOLIS UNITED STATES NAVAL ACADEMY ASOS, MD US",38.9913,-76.4891,2020-04,2020,4,Apr,Spring,2020s,53.0,60.4,45.5,14.9,Warm,4.85,Wet,8.7,76,36,1.70
USW00013752,"ANNAPOLIS UNITED STATES NAVAL ACADEMY ASOS, MD US",38.9913,-76.4891,2020-05,2020,5,May,Spring,2020s,61.4,68.8,54.0,14.8,Warm,2.11,Moderate,7.6,84,37,0.69
USW00013752,"ANNAPOLIS UNITED STATES NAVAL ACADEMY ASOS, MD US",38.9913,-76.4891,2020-06,2020,6,Jun,Summer,2020s,74.6,81.7,67.5,14.2,Hot,3.98,Wet,6.7,90,57,1.21
USW00013752,"ANNAPOLIS UNITED STATES NAVAL ACADEMY ASOS, MD US",38.9913,-76.4891,2020-07,2020,7,Jul,Summer,2020s,81.5,88.5,74.4,14.1,Hot,3.09,Wet,5.6,96,70,1.08
USW00013752,"ANNAPOLIS UNITED STATES NAVAL ACADEMY ASOS, MD US",38.9913,-76.4891,2020-08,2020,8,Aug,Summer,2020s,78.3,84.5,72.1,12.4,Hot,8.97,Very Wet,5.8,92,66,3.85
USW00013752,"ANNAPOLIS UNITED STATES NAVAL ACADEMY ASOS, MD US",38.9913,-76.4891,2020-09,2020,9,Sep,Fall,2020s,69.5,75.9,63.1,12.8,Warm,6.51,Very Wet,5.8,88,50,2.48
USW00013752,"ANNAPOLIS UNITED STATES NAVAL ACADEMY ASOS, MD US",38.9913,-76.4891,2020-10,2020,10,Oct,Fall,2020s,61.1,67.9,54.4,13.5,Warm,5.54,Very Wet,5.6,78,45,2.13
USW00013752,"ANNAPOLIS UNITED STATES NAVAL ACADEMY ASOS, MD US",38.9913,-76.4891,2020-11,2020,11,Nov,Fall,2020s,53.3,61.3,45.3,16.0,Warm,4.91,Wet,6.3,73,31,1.38
USW00013752,"ANNAPOLIS UNITED STATES NAVAL ACADEMY ASOS, MD US",38.9913,-76.4891,2020-12,2020,12,Dec,Winter,2020s,41.1,47.6,34.6,13.0,Cool,4.84,Wet,7.4,63,24,1.24
USW00013752,"ANNAPOLIS UNITED STATES NAVAL ACADEMY ASOS, MD US",38.9913,-76.4891,2021-01,2021,1,Jan,Winter,2020s,37.4,43.3,31.5,11.8,Cool,1.72,Moderate,6.3,56,24,0.79
USW00013752,"ANNAPOLIS UNITED STATES NAVAL ACADEMY ASOS, MD US",38.9913,-76.4891,2021-02,2021,2,Feb,Winter,2020s,36.6,41.9,31.4,10.5,Cool,4.45,Wet,7.6,57,24,0.96
USW00013752,"ANNAPOLIS UNITED STATES NAVAL ACADEMY ASOS, MD US",38.9913,-76.4891,2021-03,2021,3,Mar,Spring,2020s,48.5,56.7,40.3,16.4,Cool,3.60,Wet,7.6,83,27,1.25
USW00013752,"ANNAPOLIS UNITED STATES NAVAL ACADEMY ASOS, MD US",38.9913,-76.4891,2021-04,2021,4,Apr,Spring,2020s,56.2,65.0,47.3,17.7,Warm,2.45,Moderate,7.4,87,33,0.97
USW00013752,"ANNAPOLIS UNITED STATES NAVAL ACADEMY ASOS, MD US",38.9913,-76.4891,2021-05,2021,5,May,Spring,2020s,64.3,73.1,55.4,17.7,Warm,2.13,Moderate,6.9,90,44,0.71
USW00013752,"ANNAPOLIS UNITED STATES NAVAL ACADEMY ASOS, MD US",38.9913,-76.4891,2021-06,2021,6,Jun,Summer,2020s,74.6,81.5,67.7,13.8,Hot,3.20,Wet,7.2,93,56,1.07
USW00013752,"ANNAPOLIS UNITED STATES NAVAL ACADEMY ASOS, MD US",38.9913,-76.4891,2021-07,2021,7,Jul,Summer,2020s,79.0,85.7,72.3,13.4,Hot,3.49,Wet,6.0,92,62,1.97
USW00013752,"ANNAPOLIS UNITED STATES NAVAL ACADEMY ASOS, MD US",38.9913,-76.4891,2021-08,2021,8,Aug,Summer,2020s,78.6,84.8,72.4,12.4,Hot,7.34,Very Wet,5.1,91,63,1.43
USW00013752,"ANNAPOLIS UNITED STATES NAVAL ACADEMY ASOS, MD US",38.9913,-76.4891,2021-09,2021,9,Sep,Fall,2020s,72.3,79.7,64.9,14.8,Hot,4.25,Wet,6.5,87,55,2.04
USW00013752,"ANNAPOLIS UNITED STATES NAVAL ACADEMY ASOS, MD US",38.9913,-76.4891,2021-10,2021,10,Oct,Fall,2020s,65.3,71.6,59.0,12.6,Warm,3.52,Wet,6.5,80,48,1.80
USW00013752,"ANNAPOLIS UNITED STATES NAVAL ACADEMY ASOS, MD US",38.9913,-76.4891,2021-11,2021,11,Nov,Fall,2020s,47.4,55.3,39.6,15.7,Cool,0.71,Dry,6.0,74,31,0.33
USW00013752,"ANNAPOLIS UNITED STATES NAVAL ACADEMY ASOS, MD US",38.9913,-76.4891,2021-12,2021,12,Dec,Winter,2020s,46.2,53.0,39.3,13.7,Cool,0.67,Dry,5.4,69,29,0.16
USW00013752,"ANNAPOLIS UNITED STATES NAVAL ACADEMY ASOS, MD US",38.9913,-76.4891,2022-01,2022,1,Jan,Winter,2020s,33.9,40.4,27.4,13.0,Cool,5.39,Very Wet,,63,16,1.89
USW00013752,"ANNAPOLIS UNITED STATES NAVAL ACADEMY ASOS, MD US",38.9913,-76.4891,2022-02,2022,2,Feb,Winter,2020s,41.0,49.7,32.2,17.5,Cool,1.96,Moderate,7.8,74,22,0.85
USW00013752,"ANNAPOLIS UNITED STATES NAVAL ACADEMY ASOS, MD US",38.9913,-76.4891,2022-03,2022,3,Mar,Spring,2020s,48.4,57.2,39.6,17.6,Cool,2.51,Moderate,8.3,80,23,0.61
USW00013752,"ANNAPOLIS UNITED STATES NAVAL ACADEMY ASOS, MD US",38.9913,-76.4891,2022-04,2022,4,Apr,Spring,2020s,54.6,62.2,47.0,15.2,Warm,4.79,Wet,8.5,84,37,1.88
USW00013752,"ANNAPOLIS UNITED STATES NAVAL ACADEMY ASOS, MD US",38.9913,-76.4891,2022-05,2022,5,May,Spring,2020s,66.0,72.6,59.3,13.3,Warm,4.93,Wet,6.9,89,47,1.43
USW00013752,"ANNAPOLIS UNITED STATES NAVAL ACADEMY ASOS, MD US",38.9913,-76.4891,2022-06,2022,6,Jun,Summer,2020s,73.7,81.0,66.4,14.6,Hot,2.57,Moderate,6.5,95,58,0.90
USW00013752,"ANNAPOLIS UNITED STATES NAVAL ACADEMY ASOS, MD US",38.9913,-76.4891,2022-07,2022,7,Jul,Summer,2020s,79.7,86.5,72.9,13.6,Hot,7.02,Very Wet,5.4,93,64,1.37
USW00013752,"ANNAPOLIS UNITED STATES NAVAL ACADEMY ASOS, MD US",38.9913,-76.4891,2022-08,2022,8,Aug,Summer,2020s,79.0,86.0,71.9,14.1,Hot,3.52,Wet,5.6,95,63,1.09
USW00013752,"ANNAPOLIS UNITED STATES NAVAL ACADEMY ASOS, MD US",38.9913,-76.4891,2022-09,2022,9,Sep,Fall,2020s,71.4,78.4,64.4,14.0,Hot,2.36,Moderate,6.5,87,51,0.96
USW00013752,"ANNAPOLIS UNITED STATES NAVAL ACADEMY ASOS, MD US",38.9913,-76.4891,2022-10,2022,10,Oct,Fall,2020s,57.1,64.3,50.0,14.3,Warm,4.52,Wet,6.3,77,38,1.12
USW00013752,"ANNAPOLIS UNITED STATES NAVAL ACADEMY ASOS, MD US",38.9913,-76.4891,2022-11,2022,11,Nov,Fall,2020s,,,,,,,,,,,
USW00013752,"ANNAPOLIS UNITED STATES NAVAL ACADEMY ASOS, MD US",38.9913,-76.4891,2022-12,2022,12,Dec,Winter,2020s,39.4,46.7,32.1,14.6,Cool,4.48,Wet,5.8,62,8,2.36
USW00013752,"ANNAPOLIS UNITED STATES NAVAL ACADEMY ASOS, MD US",38.9913,-76.4891,2023-01,2023,1,Jan,Winter,2020s,44.3,51.1,37.6,13.5,Cool,0.16,Dry,6.5,67,30,0.10
USW00013752,"ANNAPOLIS UNITED STATES NAVAL ACADEMY ASOS, MD US",38.9913,-76.4891,2023-02,2023,2,Feb,Winter,2020s,44.7,52.7,36.7,16.0,Cool,0.99,Dry,7.2,68,16,0.54
USW00013752,"ANNAPOLIS UNITED STATES NAVAL ACADEMY ASOS, MD US",38.9913,-76.4891,2023-03,2023,3,Mar,Spring,2020s,47.3,55.1,39.5,15.6,Cool,1.37,Moderate,8.5,79,30,0.58
USW00013752,"ANNAPOLIS UNITED STATES NAVAL ACADEMY ASOS, MD US",38.9913,-76.4891,2023-04,2023,4,Apr,Spring,2020s,59.7,68.1,51.3,16.8,Warm,3.77,Wet,7.6,84,39,1.62
USW00013752,"ANNAPOLIS UNITED STATES NAVAL ACADEMY ASOS, MD US",38.9913,-76.4891,2023-05,2023,5,May,Spring,2020s,62.8,70.8,54.9,15.9,Warm,1.81,Moderate,6.0,81,44,1.05
USW00013752,"ANNAPOLIS UNITED STATES NAVAL ACADEMY ASOS, MD US",38.9913,-76.4891,2023-06,2023,6,Jun,Summer,2020s,71.2,78.8,63.6,15.2,Hot,2.79,Moderate,6.7,85,56,1.65
USW00013752,"ANNAPOLIS UNITED STATES NAVAL ACADEMY ASOS, MD US",38.9913,-76.4891,2023-07,2023,7,Jul,Summer,2020s,,86.6,,,,5.74,Very Wet,5.4,95,,1.64
USW00013752,"ANNAPOLIS UNITED STATES NAVAL ACADEMY ASOS, MD US",38.9913,-76.4891,2023-08,2023,8,Aug,Summer,2020s,77.2,83.7,70.7,13.0,Hot,3.15,Wet,6.3,90,63,1.85
USW00013752,"ANNAPOLIS UNITED STATES NAVAL ACADEMY ASOS, MD US",38.9913,-76.4891,2023-09,2023,9,Sep,Fall,2020s,71.9,78.2,65.5,12.7,Hot,4.28,Wet,6.3,96,56,1.28
USW00013752,"ANNAPOLIS UNITED STATES NAVAL ACADEMY ASOS, MD US",38.9913,-76.4891,2023-10,2023,10,Oct,Fall,2020s,61.3,69.7,53.0,16.7,Warm,1.68,Moderate,5.4,83,42,0.86
USW00013752,"ANNAPOLIS UNITED STATES NAVAL ACADEMY ASOS, MD US",38.9913,-76.4891,2023-11,2023,11,Nov,Fall,2020s,48.3,55.9,40.6,15.3,Cool,3.01,Wet,5.8,72,25,2.41
USW00013752,"ANNAPOLIS UNITED STATES NAVAL ACADEMY ASOS, MD US",38.9913,-76.4891,2023-12,2023,12,Dec,Winter,2020s,44.7,50.8,38.6,12.2,Cool,7.96,Very Wet,4.9,60,29,2.09
USW00013752,"ANNAPOLIS UNITED STATES NAVAL ACADEMY ASOS, MD US",38.9913,-76.4891,2024-01,2024,1,Jan,Winter,2020s,39.9,46.4,33.5,12.9,Cool,5.91,Very Wet,6.7,77,16,2.23
USW00013752,"ANNAPOLIS UNITED STATES NAVAL ACADEMY ASOS, MD US",38.9913,-76.4891,2024-02,2024,2,Feb,Winter,2020s,42.7,49.6,35.8,13.8,Cool,1.46,Moderate,6.3,68,27,0.83
USW00013752,"ANNAPOLIS UNITED STATES NAVAL ACADEMY ASOS, MD US",38.9913,-76.4891,2024-03,2024,3,Mar,Spring,2020s,50.3,57.9,42.6,15.3,Warm,5.41,Very Wet,7.8,75,32,2.22
USW00013752,"ANNAPOLIS UNITED STATES NAVAL ACADEMY ASOS, MD US",38.9913,-76.4891,2024-04,2024,4,Apr,Spring,2020s,58.4,65.8,50.9,14.9,Warm,2.61,Moderate,7.8,87,41,1.23
USW00013752,"ANNAPOLIS UNITED STATES NAVAL ACADEMY ASOS, MD US",38.9913,-76.4891,2024-05,2024,5,May,Spring,2020s,67.6,74.1,61.1,13.0,Warm,3.52,Wet,6.7,88,50,1.36
USW00013752,"ANNAPOLIS UNITED STATES NAVAL ACADEMY ASOS, MD US",38.9913,-76.4891,2024-06,2024,6,Jun,Summer,2020s,77.4,85.4,69.3,16.1,Hot,1.35,Moderate,7.6,97,58,1.00
USW00013752,"ANNAPOLIS UNITED STATES NAVAL ACADEMY ASOS, MD US",38.9913,-76.4891,2024-07,2024,7,Jul,Summer,2020s,79.8,85.9,73.8,12.1,Hot,3.80,Wet,6.7,94,66,1.01
USW00013752,"ANNAPOLIS UNITED STATES NAVAL ACADEMY ASOS, MD US",38.9913,-76.4891,2024-08,2024,8,Aug,Summer,2020s,76.2,83.1,69.3,13.8,Hot,7.47,Very Wet,6.3,97,57,2.43
USW00013752,"ANNAPOLIS UNITED STATES NAVAL ACADEMY ASOS, MD US",38.9913,-76.4891,2024-09,2024,9,Sep,Fall,2020s,70.7,76.2,65.2,11.0,Hot,2.82,Moderate,6.7,84,53,1.47
USW00013752,"ANNAPOLIS UNITED STATES NAVAL ACADEMY ASOS, MD US",38.9913,-76.4891,2024-10,2024,10,Oct,Fall,2020s,60.5,68.7,52.4,16.3,Warm,0.30,Dry,5.4,78,41,0.25
USW00013752,"ANNAPOLIS UNITED STATES NAVAL ACADEMY ASOS, MD US",38.9913,-76.4891,2024-11,2024,11,Nov,Fall,2020s,52.8,59.8,45.8,14.0,Warm,1.86,Moderate,6.5,81,29,0.85
USW00013752,"ANNAPOLIS UNITED STATES NAVAL ACADEMY ASOS, MD US",38.9913,-76.4891,2024-12,2024,12,Dec,Winter,2020s,39.1,45.8,32.4,13.4,Cool,2.48,Moderate,5.8,64,20,0.78
USW00013752,"ANNAPOLIS UNITED STATES NAVAL ACADEMY ASOS, MD US",38.9913,-76.4891,2025-01,2025,1,Jan,Winter,2020s,31.3,37.9,24.8,13.1,Cold,1.20,Moderate,7.2,57,13,0.54
USW00013752,"ANNAPOLIS UNITED STATES NAVAL ACADEMY ASOS, MD US",38.9913,-76.4891,2025-02,2025,2,Feb,Winter,2020s,37.5,44.2,30.6,13.6,Cool,2.28,Moderate,7.6,64,20,0.51
USW00013752,"ANNAPOLIS UNITED STATES NAVAL ACADEMY ASOS, MD US",38.9913,-76.4891,2025-03,2025,3,Mar,Spring,2020s,49.2,58.3,40.2,18.1,Cool,3.24,Wet,8.7,83,23,1.06
USW00013752,"ANNAPOLIS UNITED STATES NAVAL ACADEMY ASOS, MD US",38.9913,-76.4891,2025-04,2025,4,Apr,Spring,2020s,57.9,65.7,50.1,15.6,Warm,3.15,Wet,8.5,81,36,1.61
USW00013752,"ANNAPOLIS UNITED STATES NAVAL ACADEMY ASOS, MD US",38.9913,-76.4891,2025-05,2025,5,May,Spring,2020s,65.5,72.1,59.0,13.1,Warm,9.55,Very Wet,7.4,86,49,2.66
USW00013752,"ANNAPOLIS UNITED STATES NAVAL ACADEMY ASOS, MD US",38.9913,-76.4891,2025-06,2025,6,Jun,Summer,2020s,75.1,81.9,68.3,13.6,Hot,4.09,Wet,5.8,94,50,1.83
USW00013752,"ANNAPOLIS UNITED STATES NAVAL ACADEMY ASOS, MD US",38.9913,-76.4891,2025-07,2025,7,Jul,Summer,2020s,80.6,87.0,74.2,12.8,Hot,9.74,Very Wet,5.6,95,69,1.81
USW00013752,"ANNAPOLIS UNITED STATES NAVAL ACADEMY ASOS, MD US",38.9913,-76.4891,2025-08,2025,8,Aug,Summer,2020s,73.7,80.1,67.4,12.7,Hot,0.86,Dry,5.8,89,59,0.24
USW00013752,"ANNAPOLIS UNITED STATES NAVAL ACADEMY ASOS, MD US",38.9913,-76.4891,2025-09,2025,9,Sep,Fall,2020s,71.1,78.1,64.1,14.0,Hot,2.98,Moderate,5.8,87,59,0.81
USW00013752,"ANNAPOLIS UNITED STATES NAVAL ACADEMY ASOS, MD US",38.9913,-76.4891,2025-10,2025,10,Oct,Fall,2020s,59.4,66.3,52.4,13.9,Warm,2.63,Moderate,7.6,78,42,1.94
USW00013752,"ANNAPOLIS UNITED STATES NAVAL ACADEMY ASOS, MD US",38.9913,-76.4891,2025-11,2025,11,Nov,Fall,2020s,49.0,56.5,41.5,15.0,Cool,0.94,Dry,6.3,72,30,0.24
USW00013752,"ANNAPOLIS UNITED STATES NAVAL ACADEMY ASOS, MD US",38.9913,-76.4891,2025-12,2025,12,Dec,Winter,2020s,36.3,43.0,29.6,13.4,Cool,1.81,Moderate,7.2,59,18,0.77
